symbol,entry_date,entry_price,exit_date,exit_price,exit_reason,days_held,pnl_pct,pnl_rs,composite,regime
THELEELA,2026-05-04,430.65,2026-05-11,411.71,stopped_out,5,-4.4,-879.73,62.9,TRENDING_UP
LAURUSLABS,2026-05-04,1166.4,2026-05-11,1266.8,time_exit_5d,5,8.61,1721.54,62.1,TRENDING_UP
MOTILALOFS,2026-05-04,836.6,2026-05-11,860.7,time_exit_5d,5,2.88,576.14,62.0,TRENDING_UP
CGCL,2026-05-04,194.85,2026-05-11,192.01,stopped_out,5,-1.46,-291.07,59.9,TRENDING_UP
MARICO,2026-05-04,784.55,2026-05-05,762.11,stopped_out,1,-2.86,-571.94,59.3,TRENDING_UP
ABCAPITAL,2026-05-05,360.85,2026-05-12,343.93,stopped_out,5,-4.69,-937.67,44.7,CHOPPY
KPITTECH,2026-05-05,772.5,2026-05-06,734.31,stopped_out,1,-4.94,-988.77,38.5,CHOPPY
GODREJPROP,2026-05-05,1809.5,2026-05-12,1716.47,stopped_out,5,-5.14,-1028.26,38.3,CHOPPY
IDBI,2026-05-05,74.53,2026-05-12,71.35,stopped_out,5,-4.27,-853.35,38.2,CHOPPY
CGPOWER,2026-05-05,826.9,2026-05-12,833.64,stopped_out,5,0.82,163.09,37.7,CHOPPY
LUPIN,2026-05-06,2442.9,2026-05-08,2361.22,stopped_out,2,-3.34,-668.67,66.2,TRENDING_UP
POLYCAB,2026-05-06,8415.5,2026-05-13,8887.5,time_exit_5d,5,5.61,1121.74,62.1,TRENDING_UP
KIMS,2026-05-06,700.3,2026-05-12,751.54,stopped_out,4,7.32,1463.45,62.0,TRENDING_UP
ECLERX,2026-05-06,1581.5,2026-05-13,1556.46,stopped_out,5,-1.58,-316.7,60.9,TRENDING_UP
ABCAPITAL,2026-05-06,369.3,2026-05-11,352.56,stopped_out,3,-4.53,-906.64,60.3,TRENDING_UP
HEXT,2026-05-07,460.55,2026-05-14,475.69,stopped_out,5,3.29,657.6,40.8,CHOPPY
EXIDEIND,2026-05-07,364.45,2026-05-14,349.7,time_exit_5d,5,-4.05,-809.44,39.3,CHOPPY
FEDERALBNK,2026-05-07,297.05,2026-05-12,286.16,stopped_out,3,-3.66,-732.92,36.0,CHOPPY
CGPOWER,2026-05-07,859.1,2026-05-14,848.25,time_exit_5d,5,-1.26,-252.59,34.5,CHOPPY
GODREJPROP,2026-05-07,1878.6,2026-05-12,1783.84,stopped_out,3,-5.04,-1008.81,33.9,CHOPPY
VBL,2026-05-08,508.85,2026-05-13,484.75,stopped_out,3,-4.74,-947.09,32.4,CHOPPY
BSE,2026-05-08,3907.4,2026-05-15,4000.6,time_exit_5d,5,2.39,477.04,32.1,CHOPPY
HEXT,2026-05-08,485.7,2026-05-15,484.15,time_exit_5d,5,-0.32,-63.83,29.1,CHOPPY
GRASIM,2026-05-08,2968.6,2026-05-15,2933.8,time_exit_5d,5,-1.17,-234.45,28.6,CHOPPY
VTL,2026-05-08,580.7,2026-05-15,606.95,time_exit_5d,5,4.52,904.08,28.0,CHOPPY
MANAPPURAM,2026-05-11,305.45,2026-05-18,306.1,time_exit_5d,5,0.21,42.56,24.5,TRENDING_DOWN
BERGEPAINT,2026-05-11,493.85,2026-05-18,511.16,stopped_out,5,3.51,701.2,23.4,TRENDING_DOWN
HINDPETRO,2026-05-11,377.8,2026-05-18,360.05,stopped_out,5,-4.7,-939.84,20.2,TRENDING_DOWN
NAVINFLUOR,2026-05-11,7071.5,2026-05-18,6904.5,time_exit_5d,5,-2.36,-472.32,19.6,TRENDING_DOWN
FSL,2026-05-11,260.96,2026-05-13,241.92,stopped_out,2,-7.3,-1459.09,19.5,TRENDING_DOWN
JSWENERGY,2026-05-12,517.95,2026-05-19,533.15,time_exit_5d,5,2.93,586.93,26.0,TRENDING_DOWN
CROMPTON,2026-05-12,282.05,2026-05-18,291.13,stopped_out,4,3.22,644.06,23.4,TRENDING_DOWN
SCI,2026-05-12,325.35,2026-05-19,337.25,time_exit_5d,5,3.66,731.52,23.4,TRENDING_DOWN
WOCKPHARMA,2026-05-12,1570.4,2026-05-19,1620.2,time_exit_5d,5,3.17,634.23,23.4,TRENDING_DOWN
KARURVYSYA,2026-05-12,283.9,2026-05-19,293.25,time_exit_5d,5,3.29,658.68,23.1,TRENDING_DOWN
BAJAJ-AUTO,2026-05-13,10262.0,2026-05-20,10462.5,time_exit_5d,5,1.95,390.76,24.5,TRENDING_DOWN
TIINDIA,2026-05-13,2941.0,2026-05-14,2779.75,stopped_out,1,-5.48,-1096.57,24.4,TRENDING_DOWN
TATAPOWER,2026-05-13,404.45,2026-05-20,413.5,time_exit_5d,5,2.24,447.52,24.2,TRENDING_DOWN
TIMKEN,2026-05-13,3570.7,2026-05-20,3656.2,time_exit_5d,5,2.39,478.9,22.7,TRENDING_DOWN
JBCHEPHARM,2026-05-13,2094.3,2026-05-20,2163.6,time_exit_5d,5,3.31,661.8,21.6,TRENDING_DOWN
ASHOKLEY,2026-05-14,154.34,2026-05-21,154.48,time_exit_5d,5,0.09,18.14,26.0,TRENDING_DOWN
SYRMA,2026-05-14,1028.7,2026-05-21,1024.65,time_exit_5d,5,-0.39,-78.74,25.2,TRENDING_DOWN
BSOFT,2026-05-14,310.9,2026-05-21,321.35,time_exit_5d,5,3.36,672.24,24.9,TRENDING_DOWN
CRAFTSMAN,2026-05-14,8567.0,2026-05-21,8543.0,time_exit_5d,5,-0.28,-56.03,23.4,TRENDING_DOWN
NUVAMA,2026-05-14,1477.9,2026-05-21,1499.0,time_exit_5d,5,1.43,285.54,23.4,TRENDING_DOWN
ECLERX,2026-05-15,1483.1,2026-05-22,1577.7,time_exit_5d,5,6.38,1275.71,25.9,TRENDING_DOWN
DATAPATTNS,2026-05-15,3876.5,2026-05-22,3969.7,time_exit_5d,5,2.4,480.85,24.6,TRENDING_DOWN
BSOFT,2026-05-15,314.4,2026-05-22,328.2,time_exit_5d,5,4.39,877.86,24.1,TRENDING_DOWN
HINDALCO,2026-05-15,1067.5,2026-05-22,1109.2,time_exit_5d,5,3.91,781.26,22.7,TRENDING_DOWN
NEWGEN,2026-05-15,472.3,2026-05-22,437.6,time_exit_5d,5,-7.35,-1469.41,22.6,TRENDING_DOWN
PNB,2026-05-18,96.68,2026-05-25,103.26,time_exit_5d,5,6.81,1361.19,33.7,TRENDING_DOWN
APOLLOTYRE,2026-05-18,375.15,2026-05-25,388.35,time_exit_5d,5,3.52,703.72,24.9,TRENDING_DOWN
KIMS,2026-05-18,716.85,2026-05-25,756.8,time_exit_5d,5,5.57,1114.6,24.1,TRENDING_DOWN
NAUKRI,2026-05-18,925.95,2026-05-25,933.03,stopped_out,5,0.76,152.89,24.1,TRENDING_DOWN
YESBANK,2026-05-18,21.81,2026-05-25,22.29,time_exit_5d,5,2.2,440.17,23.9,TRENDING_DOWN
KEC,2026-05-19,469.4,2026-05-26,499.1,time_exit_5d,5,6.33,1265.45,33.7,TRENDING_DOWN
BSOFT,2026-05-19,320.9,2026-05-26,324.4,time_exit_5d,5,1.09,218.14,24.1,TRENDING_DOWN
TCS,2026-05-19,2327.1,2026-05-26,2276.2,time_exit_5d,5,-2.19,-437.45,24.1,TRENDING_DOWN
JBMA,2026-05-19,622.95,2026-05-26,639.35,time_exit_5d,5,2.63,526.53,22.9,TRENDING_DOWN
ASTRAL,2026-05-19,1448.9,2026-05-26,1578.8,time_exit_5d,5,8.97,1793.08,20.2,TRENDING_DOWN
TRITURBINE,2026-05-20,656.55,2026-05-27,719.15,time_exit_5d,5,9.53,1906.94,26.1,TRENDING_DOWN
GLAND,2026-05-20,2221.8,2026-05-27,2313.0,time_exit_5d,5,4.1,820.96,22.3,TRENDING_DOWN
ACUTAAS,2026-05-20,2880.6,2026-05-27,3000.6,time_exit_5d,5,4.17,833.16,21.7,TRENDING_DOWN
COALINDIA,2026-05-20,458.7,2026-05-27,440.89,stopped_out,5,-3.88,-776.42,19.2,TRENDING_DOWN
PGEL,2026-05-20,461.85,2026-05-27,476.05,time_exit_5d,5,3.07,614.92,17.0,TRENDING_DOWN
OLAELEC,2026-05-21,35.51,2026-05-29,41.49,time_exit_5d,5,16.84,3368.07,23.2,TRENDING_DOWN
LAURUSLABS,2026-05-21,1351.0,2026-05-29,1362.0,time_exit_5d,5,0.81,162.84,21.0,TRENDING_DOWN
ENRIN,2026-05-21,3574.5,2026-05-29,3872.1,time_exit_5d,5,8.33,1665.13,19.7,TRENDING_DOWN
KPITTECH,2026-05-21,750.9,2026-05-29,771.95,time_exit_5d,5,2.8,560.66,19.3,TRENDING_DOWN
APOLLOHOSP,2026-05-21,8308.5,2026-05-29,8176.5,time_exit_5d,5,-1.59,-317.75,16.4,TRENDING_DOWN
MOTHERSON,2026-05-22,136.18,2026-06-01,142.31,stopped_out,5,4.5,900.07,31.8,CHOPPY
SAILIFE,2026-05-22,1113.8,2026-06-01,1145.2,time_exit_5d,5,2.82,563.84,29.5,CHOPPY
IDEA,2026-05-22,13.73,2026-06-01,13.95,time_exit_5d,5,1.6,320.47,26.9,CHOPPY
CCL,2026-05-22,1064.9,2026-06-01,1064.8,time_exit_5d,5,-0.01,-1.88,24.5,CHOPPY
ENGINERSIN,2026-05-22,216.0,2026-06-01,224.73,time_exit_5d,5,4.04,808.33,24.5,CHOPPY
WELSPUNLIV,2026-05-25,138.62,2026-06-02,143.65,time_exit_5d,5,3.63,725.73,51.9,TRENDING_UP
ADANIENSOL,2026-05-25,1404.3,2026-06-02,1530.6,time_exit_5d,5,8.99,1798.76,51.3,TRENDING_UP
HONASA,2026-05-25,391.25,2026-06-01,397.99,stopped_out,4,1.72,344.32,50.4,TRENDING_UP
SIEMENS,2026-05-25,3667.5,2026-06-02,3647.09,stopped_out,5,-0.56,-111.33,46.8,TRENDING_UP
CESC,2026-05-25,185.59,2026-06-02,177.49,stopped_out,5,-4.36,-872.55,43.9,TRENDING_UP
SAILIFE,2026-05-26,1141.0,2026-06-03,1137.7,time_exit_5d,5,-0.29,-57.84,32.4,CHOPPY
OLAELEC,2026-05-26,37.58,2026-06-01,39.35,stopped_out,3,4.71,941.99,31.1,CHOPPY
TITAGARH,2026-05-26,816.55,2026-06-01,800.46,stopped_out,3,-1.97,-393.99,24.5,CHOPPY
ACMESOLAR,2026-05-26,302.75,2026-06-02,299.66,stopped_out,4,-1.02,-203.85,23.2,CHOPPY
POWERINDIA,2026-05-26,35995.0,2026-06-02,35846.43,stopped_out,4,-0.41,-82.55,22.0,CHOPPY
BLUEJET,2026-05-27,470.25,2026-06-04,475.6,time_exit_5d,5,1.14,227.54,34.3,CHOPPY
CPPLUS,2026-05-27,2639.6,2026-06-04,3537.6,time_exit_5d,5,34.02,6804.06,32.4,CHOPPY
POLYMED,2026-05-27,1330.3,2026-06-04,1405.0,time_exit_5d,5,5.62,1123.05,24.5,CHOPPY
TEJASNET,2026-05-27,494.25,2026-06-04,601.95,time_exit_5d,5,21.79,4358.12,24.5,CHOPPY
WOCKPHARMA,2026-05-27,1771.0,2026-06-02,2285.34,stopped_out,3,29.04,5808.5,23.6,CHOPPY
PINELABS,2026-05-29,144.51,2026-06-05,144.47,time_exit_5d,5,-0.03,-5.54,33.7,TRENDING_DOWN
HCLTECH,2026-05-29,1183.8,2026-06-03,1205.7,stopped_out,3,1.85,369.99,28.1,TRENDING_DOWN
LTM,2026-05-29,4061.6,2026-06-03,4094.31,stopped_out,3,0.81,161.09,27.8,TRENDING_DOWN
APARINDS,2026-05-29,13118.0,2026-06-05,13878.0,time_exit_5d,5,5.79,1158.71,26.8,TRENDING_DOWN
NBCC,2026-05-29,100.26,2026-06-05,106.36,time_exit_5d,5,6.08,1216.84,24.5,TRENDING_DOWN
HCLTECH,2026-06-01,1195.1,2026-06-03,1203.73,stopped_out,2,0.72,144.4,24.9,TRENDING_DOWN
ANANTRAJ,2026-06-01,538.65,2026-06-08,556.79,stopped_out,5,3.37,673.38,23.1,TRENDING_DOWN
GAIL,2026-06-01,163.74,2026-06-08,168.6,time_exit_5d,5,2.97,593.62,22.7,TRENDING_DOWN
CHENNPETRO,2026-06-01,1096.9,2026-06-05,1155.43,stopped_out,4,5.34,1067.16,22.3,TRENDING_DOWN
GMRAIRPORT,2026-06-01,97.06,2026-06-08,100.32,time_exit_5d,5,3.36,671.75,21.8,TRENDING_DOWN
FACT,2026-06-02,871.35,2026-06-09,876.05,time_exit_5d,5,0.54,107.88,24.7,TRENDING_DOWN
POWERINDIA,2026-06-02,35105.0,2026-06-09,34271.43,stopped_out,5,-2.37,-474.9,24.5,TRENDING_DOWN
NMDC,2026-06-02,95.31,2026-06-08,90.54,stopped_out,4,-5.01,-1001.62,24.2,TRENDING_DOWN
SUZLON,2026-06-02,54.52,2026-06-09,55.23,time_exit_5d,5,1.3,260.45,23.6,TRENDING_DOWN
AEGISLOG,2026-06-02,767.15,2026-06-09,782.65,time_exit_5d,5,2.02,404.09,23.4,TRENDING_DOWN
JINDALSAW,2026-06-03,250.87,2026-06-08,247.43,stopped_out,3,-1.37,-273.9,21.5,TRENDING_DOWN
ZEEL,2026-06-03,94.5,2026-06-09,108.34,stopped_out,4,14.64,2928.19,19.6,TRENDING_DOWN
ELGIEQUIP,2026-06-03,601.2,2026-06-10,602.85,time_exit_5d,5,0.27,54.89,19.4,TRENDING_DOWN
APTUS,2026-06-03,257.6,2026-06-10,252.55,time_exit_5d,5,-1.96,-392.08,19.3,TRENDING_DOWN
OLAELEC,2026-06-03,43.74,2026-06-10,47.32,time_exit_5d,5,8.18,1636.95,19.2,TRENDING_DOWN
OLECTRA,2026-06-04,1321.3,2026-06-08,1237.43,stopped_out,2,-6.35,-1269.53,22.1,TRENDING_DOWN
RADICO,2026-06-04,3502.4,2026-06-11,3449.9,time_exit_5d,5,-1.5,-299.79,20.1,TRENDING_DOWN
JKTYRE,2026-06-04,385.55,2026-06-08,363.14,stopped_out,2,-5.81,-1162.72,20.0,TRENDING_DOWN
ZENSARTECH,2026-06-04,481.55,2026-06-11,455.28,stopped_out,5,-5.45,-1090.9,19.5,TRENDING_DOWN
COALINDIA,2026-06-04,481.65,2026-06-09,460.31,stopped_out,3,-4.43,-886.02,18.9,TRENDING_DOWN
JKTYRE,2026-06-05,381.85,2026-06-11,359.58,stopped_out,4,-5.83,-1166.41,25.9,TRENDING_DOWN
PINELABS,2026-06-05,144.47,2026-06-12,150.57,time_exit_5d,5,4.22,844.47,21.3,TRENDING_DOWN
RVNL,2026-06-05,235.61,2026-06-11,223.42,stopped_out,4,-5.17,-1034.37,20.3,TRENDING_DOWN
TITAGARH,2026-06-05,837.9,2026-06-12,858.65,time_exit_5d,5,2.48,495.29,18.5,TRENDING_DOWN
GMRAIRPORT,2026-06-05,102.03,2026-06-12,103.65,time_exit_5d,5,1.59,317.55,17.1,TRENDING_DOWN
JYOTICNC,2026-06-08,609.95,2026-06-15,688.95,time_exit_5d,5,12.95,2590.38,23.4,TRENDING_DOWN
ITI,2026-06-08,296.3,2026-06-15,301.75,time_exit_5d,5,1.84,367.87,21.8,TRENDING_DOWN
AIAENG,2026-06-08,4545.5,2026-06-11,4315.57,stopped_out,3,-5.06,-1011.68,21.0,TRENDING_DOWN
CPPLUS,2026-06-08,3423.6,2026-06-15,3366.3,time_exit_5d,5,-1.67,-334.74,20.0,TRENDING_DOWN
JSWDULUX,2026-06-08,3168.1,2026-06-15,3242.6,time_exit_5d,5,2.35,470.31,19.6,TRENDING_DOWN
PINELABS,2026-06-09,152.36,2026-06-16,150.09,time_exit_5d,5,-1.49,-297.98,29.6,TRENDING_DOWN
MAHABANK,2026-06-09,83.97,2026-06-16,88.19,time_exit_5d,5,5.03,1005.12,24.8,TRENDING_DOWN
PNB,2026-06-09,106.55,2026-06-11,102.82,stopped_out,2,-3.5,-700.68,21.2,TRENDING_DOWN
CUB,2026-06-09,192.3,2026-06-15,198.49,stopped_out,4,3.22,644.08,20.6,TRENDING_DOWN
JSWINFRA,2026-06-09,282.8,2026-06-16,293.8,time_exit_5d,5,3.89,777.93,20.1,TRENDING_DOWN
PINELABS,2026-06-10,150.32,2026-06-17,152.12,time_exit_5d,5,1.2,239.49,26.5,TRENDING_DOWN
EMCURE,2026-06-10,1731.2,2026-06-17,1725.7,time_exit_5d,5,-0.32,-63.54,21.5,TRENDING_DOWN
INTELLECT,2026-06-10,746.45,2026-06-17,764.9,time_exit_5d,5,2.47,494.34,21.3,TRENDING_DOWN
SYRMA,2026-06-10,1225.8,2026-06-17,1298.3,time_exit_5d,5,5.91,1182.9,21.0,TRENDING_DOWN
JSWINFRA,2026-06-10,278.6,2026-06-17,299.3,time_exit_5d,5,7.43,1486.0,19.4,TRENDING_DOWN
MAHABANK,2026-06-11,83.08,2026-06-18,89.5,time_exit_5d,5,7.73,1545.5,21.8,TRENDING_DOWN
POLYMED,2026-06-11,1478.9,2026-06-18,1573.2,time_exit_5d,5,6.38,1275.27,21.4,TRENDING_DOWN
ZEEL,2026-06-11,111.45,2026-06-18,111.78,time_exit_5d,5,0.3,59.22,19.5,TRENDING_DOWN
BALRAMCHIN,2026-06-11,548.55,2026-06-18,554.15,time_exit_5d,5,1.02,204.17,19.4,TRENDING_DOWN
APARINDS,2026-06-11,14551.0,2026-06-18,15812.0,time_exit_5d,5,8.67,1733.21,18.7,TRENDING_DOWN
ATHERENERG,2026-06-12,1028.7,2026-06-19,971.7,time_exit_5d,5,-5.54,-1108.19,24.5,CHOPPY
JBMA,2026-06-12,683.8,2026-06-19,727.3,time_exit_5d,5,6.36,1272.3,23.7,CHOPPY
IDFCFIRSTB,2026-06-12,76.5,2026-06-19,78.68,time_exit_5d,5,2.85,569.93,23.3,CHOPPY
INDIGO,2026-06-12,4709.7,2026-06-19,5021.5,time_exit_5d,5,6.62,1324.08,23.3,CHOPPY
JSWINFRA,2026-06-12,291.0,2026-06-19,308.15,time_exit_5d,5,5.89,1178.69,23.3,CHOPPY
INDIAMART,2026-06-15,2048.7,2026-06-19,2100.33,stopped_out,4,2.52,504.01,29.1,CHOPPY
ABSLAMC,2026-06-15,1146.1,2026-06-22,1180.4,time_exit_5d,5,2.99,598.55,28.7,CHOPPY
ABDL,2026-06-15,627.85,2026-06-22,631.55,time_exit_5d,5,0.59,117.86,28.6,CHOPPY
LT,2026-06-15,4169.8,2026-06-22,4201.3,time_exit_5d,5,0.76,151.09,28.5,CHOPPY
INDIGO,2026-06-15,4880.4,2026-06-22,5021.1,time_exit_5d,5,2.88,576.59,28.4,CHOPPY
DIXON,2026-06-16,12235.0,2026-06-23,12230.29,stopped_out,5,-0.04,-7.71,35.2,CHOPPY
BAJFINANCE,2026-06-16,959.65,2026-06-23,962.4,time_exit_5d,5,0.29,57.31,33.0,CHOPPY
INDIAMART,2026-06-16,2084.1,2026-06-23,2022.89,stopped_out,5,-2.94,-587.41,29.1,CHOPPY
GABRIEL,2026-06-16,1136.4,2026-06-23,1217.4,time_exit_5d,5,7.13,1425.55,28.6,CHOPPY
AWL,2026-06-16,197.27,2026-06-19,189.6,stopped_out,3,-3.89,-777.22,28.0,CHOPPY
ACE,2026-06-17,962.1,2026-06-24,1003.35,time_exit_5d,5,4.29,857.5,54.4,TRENDING_UP
OLECTRA,2026-06-17,1354.9,2026-06-24,1492.1,time_exit_5d,5,10.13,2025.24,48.7,TRENDING_UP
CAMS,2026-06-17,807.25,2026-06-24,797.2,time_exit_5d,5,-1.24,-248.99,48.2,TRENDING_UP
NIACL,2026-06-17,165.46,2026-06-23,206.23,stopped_out,4,24.64,4927.73,48.2,TRENDING_UP
KFINTECH,2026-06-17,898.45,2026-06-24,882.45,time_exit_5d,5,-1.78,-356.17,47.8,TRENDING_UP
LICI,2026-06-18,420.15,2026-06-25,423.35,time_exit_5d,5,0.76,152.33,52.2,TRENDING_UP
ASTERDM,2026-06-18,788.5,2026-06-25,769.05,time_exit_5d,5,-2.47,-493.34,50.2,TRENDING_UP
ANTHEM,2026-06-18,798.1,2026-06-22,764.69,stopped_out,2,-4.19,-837.3,48.2,TRENDING_UP
ERIS,2026-06-18,1430.6,2026-06-25,1459.0,time_exit_5d,5,1.99,397.04,46.2,TRENDING_UP
PARADEEP,2026-06-18,134.25,2026-06-25,136.14,time_exit_5d,5,1.41,281.56,46.2,TRENDING_UP
RADICO,2026-06-19,3769.2,2026-06-29,3876.9,time_exit_5d,5,2.86,571.47,46.1,TRENDING_UP
RBLBANK,2026-06-19,378.85,2026-06-29,363.8,time_exit_5d,5,-3.97,-794.51,44.2,TRENDING_UP
ABCAPITAL,2026-06-19,375.9,2026-06-29,385.3,time_exit_5d,5,2.5,500.13,42.4,TRENDING_UP
SCHAEFFLER,2026-06-19,4329.9,2026-06-29,4129.15,stopped_out,5,-4.64,-927.29,42.4,TRENDING_UP
360ONE,2026-06-19,1145.1,2026-06-24,1095.57,stopped_out,3,-4.33,-865.11,40.5,TRENDING_UP
BHARATFORG,2026-06-22,2103.8,2026-06-30,2126.49,stopped_out,5,1.08,215.66,56.3,TRENDING_UP
RECLTD,2026-06-22,369.85,2026-06-30,363.8,time_exit_5d,5,-1.64,-327.16,56.3,TRENDING_UP
TATACOMM,2026-06-22,2061.7,2026-06-30,1970.6,time_exit_5d,5,-4.42,-883.74,54.1,TRENDING_UP
HAL,2026-06-22,4515.2,2026-06-24,4356.04,stopped_out,2,-3.52,-705.0,50.2,TRENDING_UP
GRSE,2026-06-22,2860.6,2026-06-25,2723.81,stopped_out,3,-4.78,-956.37,47.9,TRENDING_UP
HINDPETRO,2026-06-23,396.75,2026-06-29,396.89,stopped_out,3,0.03,6.84,46.6,TRENDING_UP
VIJAYA,2026-06-25,1367.8,2026-06-29,1288.91,stopped_out,1,-5.77,-1153.52,44.6,TRENDING_UP
IGL,2026-06-25,170.38,2026-06-30,164.59,stopped_out,2,-3.4,-679.78,42.8,TRENDING_UP
ZFCVINDIA,2026-06-29,2686.0,2026-06-30,2509.32,stopped_out,1,-6.58,-1315.55,53.1,TRENDING_UP
